game_id,away_team_name,away_id,away_powerPlayPercentage,away_savePctg,away_shootingPctg,away_shots,away_shotsAllowed,away_penaltyKillPercentage,away_powerplayspergame,away_faceOffWinPercentage,home_team_name,home_id,home_powerPlayPercentage,home_savePctg,home_shootingPctg,home_shots,home_shotsAllowed,home_penaltyKillPercentage,home_powerplayspergame,home_faceOffWinPercentage,result
0001,Pittsburgh Penguins,5,33.3,0.7777777777777778,0.08823529411764706,34,27,-65.7,3.0,42.0,Philadelphia Flyers,4,66.7,0.9117647058823529,0.2222222222222222,27,34,-32.3,3.0,58.0,1
0002,Chicago Blackhawks,16,33.3,0.8484848484848485,0.043478260869565216,23,33,-49.0,3.0,49.1,Tampa Bay Lightning,14,50.0,0.9565217391304348,0.15151515151515152,33,23,-32.3,4.0,50.9,1
0003,Montréal Canadiens,8,66.7,0.8529411764705882,0.125,32,34,-49.0,3.0,46.0,Toronto Maple Leafs,10,50.0,0.875,0.14705882352941177,34,32,-65.7,4.0,54.0,1
0004,Vancouver Canucks,23,0.0,0.9032258064516129,0.14285714285714285,35,31,1.0,2.0,48.2,Edmonton Oilers,22,0.0,0.8571428571428571,0.0967741935483871,31,35,1.0,4.0,51.8,0
0005,St. Louis Blues,19,0.0,0.9629629629629629,0.125,32,27,-24.0,2.0,45.6,Colorado Avalanche,21,25.0,0.875,0.037037037037037035,27,32,1.0,4.0,54.4,0
0006,Washington Capitals,15,50.0,0.8461538461538461,0.21428571428571427,28,26,-32.3,2.0,50.9,Buffalo Sabres,7,33.3,0.7857142857142857,0.15384615384615385,26,28,-49.0,3.0,49.1,0
0007,Boston Bruins,6,40.0,0.9090909090909091,0.05405405405405406,37,22,1.0,5.0,57.4,New Jersey Devils,1,0.0,0.9459459459459459,0.09090909090909091,22,37,-39.0,5.0,42.6,0
0008,New York Islanders,2,25.0,1.0,0.12121212121212122,33,24,1.0,8.0,58.8,New York Rangers,3,0.0,0.8787878787878788,0.0,24,33,-24.0,3.0,41.2,0
0009,Dallas Stars,25,0.0,0.9423076923076923,0.04,25,52,1.0,1.0,43.9,Florida Panthers,13,0.0,0.96,0.057692307692307696,52,25,1.0,3.0,56.1,1
0010,Carolina Hurricanes,12,33.3,1.0,0.06976744186046512,43,14,1.0,3.0,59.6,Detroit Red Wings,17,0.0,0.9302325581395349,0.0,14,43,-32.3,2.0,40.4,0
0011,Columbus Blue Jackets,29,0.0,0.9142857142857143,0.03333333333333333,30,35,1.0,2.0,54.0,Nashville Predators,18,0.0,0.9666666666666667,0.08571428571428572,35,30,1.0,3.0,46.0,1
0012,Calgary Flames,20,33.3,0.8823529411764706,0.11538461538461539,26,34,-24.0,3.0,45.5,Winnipeg Jets,52,25.0,0.8846153846153846,0.11764705882352941,34,26,-32.3,4.0,54.5,1
0013,Vancouver Canucks,23,0.0,0.8913043478260869,0.05,40,46,-49.0,5.0,53.6,Edmonton Oilers,22,50.0,0.95,0.10869565217391304,46,40,1.0,4.0,46.4,1
0014,San Jose Sharks,28,25.0,0.918918918918919,0.08571428571428572,35,37,-24.0,4.0,45.3,Arizona Coyotes,53,25.0,0.9142857142857143,0.08108108108108109,37,35,-24.0,4.0,54.7,0
0015,Anaheim Ducks,24,0.0,0.8275862068965517,0.09090909090909091,22,29,1.0,1.0,57.9,Vegas Golden Knights,54,0.0,0.9090909090909091,0.1724137931034483,29,22,1.0,1.0,42.1,1
0016,Minnesota Wild,30,0.0,0.9117647058823529,0.14814814814814814,27,34,-24.0,6.0,38.7,Los Angeles Kings,26,25.0,0.8518518518518519,0.08823529411764706,34,27,1.0,4.0,61.3,0
0017,Washington Capitals,15,0.0,0.967741935483871,0.09523809523809523,21,31,1.0,0.0,46.9,Buffalo Sabres,7,0.0,0.9047619047619048,0.03225806451612903,31,21,1.0,5.0,53.1,0
0018,Pittsburgh Penguins,5,20.0,0.75,0.06060606060606061,33,20,-15.7,5.0,54.0,Philadelphia Flyers,4,16.7,0.9393939393939394,0.25,20,33,-19.0,6.0,46.0,1
0019,Chicago Blackhawks,16,25.0,0.8648648648648649,0.05405405405405406,37,37,1.0,4.0,50.0,Tampa Bay Lightning,14,0.0,0.9459459459459459,0.13513513513513514,37,37,-24.0,3.0,50.0,1
0021,Toronto Maple Leafs,10,40.0,0.7916666666666666,0.13043478260869565,23,24,-19.0,5.0,55.2,Ottawa Senators,9,20.0,0.8695652173913043,0.20833333333333334,24,23,-39.0,5.0,44.8,1
0022,St. Louis Blues,19,0.0,0.7894736842105263,0.0,21,38,-70.4,4.0,50.0,Colorado Avalanche,21,71.4,1.0,0.21052631578947367,38,21,1.0,7.0,50.0,1
0023,Boston Bruins,6,0.0,0.9354838709677419,0.03571428571428571,28,31,1.0,2.0,64.9,New Jersey Devils,1,0.0,0.9642857142857143,0.06451612903225806,31,28,1.0,3.0,35.1,1
0024,New York Islanders,2,0.0,0.84375,0.0,23,32,-11.5,4.0,55.4,New York Rangers,3,12.5,1.0,0.15625,32,23,1.0,8.0,44.6,1
0025,Carolina Hurricanes,12,20.0,0.8095238095238095,0.06451612903225806,31,21,1.0,5.0,46.8,Detroit Red Wings,17,0.0,0.9354838709677419,0.19047619047619047,21,31,-19.0,2.0,53.2,1
0026,Columbus Blue Jackets,29,0.0,0.8484848484848485,0.045454545454545456,44,33,1.0,2.0,45.6,Nashville Predators,18,0.0,0.9545454545454546,0.15151515151515152,33,44,1.0,3.0,54.4,1
0027,Toronto Maple Leafs,10,25.0,0.8947368421052632,0.075,40,19,1.0,4.0,62.5,Ottawa Senators,9,0.0,0.925,0.10526315789473684,19,40,-24.0,5.0,37.5,0
0028,Vancouver Canucks,23,0.0,0.9142857142857143,0.0,32,35,-49.0,4.0,60.0,Calgary Flames,20,50.0,1.0,0.08571428571428572,35,32,1.0,6.0,40.0,1
0029,Montréal Canadiens,8,50.0,0.9714285714285714,0.1388888888888889,36,35,1.0,2.0,39.6,Edmonton Oilers,22,0.0,0.8611111111111112,0.02857142857142857,35,36,-49.0,3.0,60.4,0
0030,San Jose Sharks,28,50.0,0.8076923076923077,0.08823529411764706,34,26,-32.3,4.0,40.4,Arizona Coyotes,53,33.3,0.9117647058823529,0.19230769230769232,26,34,-49.0,3.0,59.6,1
0031,Anaheim Ducks,24,0.0,0.9393939393939394,0.045454545454545456,22,33,1.0,2.0,50.0,Vegas Golden Knights,54,0.0,0.9545454545454546,0.06060606060606061,33,22,1.0,1.0,50.0,1
0032,Minnesota Wild,30,0.0,0.9090909090909091,0.09090909090909091,44,33,1.0,5.0,54.5,Los Angeles Kings,26,0.0,0.9090909090909091,0.09090909090909091,33,44,1.0,5.0,45.5,0
0034,Chicago Blackhawks,16,33.3,0.8611111111111112,0.06666666666666667,30,36,-24.0,3.0,46.7,Florida Panthers,13,25.0,0.9333333333333333,0.1388888888888889,36,30,-32.3,4.0,53.3,1
0035,Washington Capitals,15,25.0,0.8888888888888888,0.13043478260869565,23,27,1.0,4.0,46.9,Pittsburgh Penguins,5,0.0,0.8695652173913043,0.1111111111111111,27,23,-24.0,5.0,53.1,0
0036,Boston Bruins,6,0.0,0.9411764705882353,0.0,27,17,1.0,3.0,49.1,New York Islanders,2,0.0,1.0,0.058823529411764705,17,27,1.0,5.0,50.9,1
0037,Buffalo Sabres,7,50.0,0.9545454545454546,0.16216216216216217,37,22,1.0,4.0,56.5,Philadelphia Flyers,4,0.0,0.8378378378378378,0.045454545454545456,22,37,-49.0,1.0,43.5,0
0038,Columbus Blue Jackets,29,0.0,0.9459459459459459,0.10344827586206896,29,37,1.0,1.0,41.0,Detroit Red Wings,17,0.0,0.896551724137931,0.05405405405405406,37,29,1.0,2.0,59.0,0
0039,San Jose Sharks,28,66.7,0.8484848484848485,0.15384615384615385,26,33,1.0,3.0,50.8,St. Louis Blues,19,0.0,0.8461538461538461,0.15151515151515152,33,26,-65.7,3.0,49.2,1
0040,Carolina Hurricanes,12,25.0,0.9393939393939394,0.16666666666666666,24,33,-19.0,4.0,33.3,Nashville Predators,18,20.0,0.8333333333333334,0.06060606060606061,33,24,-24.0,5.0,66.7,0
0041,Winnipeg Jets,52,0.0,0.9210526315789473,0.03571428571428571,28,38,-99.0,4.0,35.4,Toronto Maple Leafs,10,100.0,0.9642857142857143,0.07894736842105263,38,28,1.0,1.0,64.6,1
0042,Vancouver Canucks,23,0.0,0.84375,0.07407407407407407,27,32,-27.6,4.0,46.9,Calgary Flames,20,28.6,0.9259259259259259,0.15625,32,27,1.0,7.0,53.1,1
0043,Montréal Canadiens,8,20.0,0.9615384615384616,0.08823529411764706,34,26,1.0,5.0,44.4,Edmonton Oilers,22,0.0,0.9117647058823529,0.038461538461538464,26,34,-19.0,7.0,55.6,0
0044,Arizona Coyotes,53,20.0,0.8571428571428571,0.0625,32,28,1.0,5.0,51.4,Vegas Golden Knights,54,0.0,0.9375,0.14285714285714285,28,32,-19.0,5.0,48.6,1
0045,Minnesota Wild,30,0.0,0.9629629629629629,0.0,34,27,1.0,5.0,46.7,Anaheim Ducks,24,0.0,1.0,0.037037037037037035,27,34,1.0,2.0,53.3,1
0046,New Jersey Devils,1,50.0,0.94,0.14285714285714285,28,50,-32.3,2.0,50.9,New York Rangers,3,33.3,0.8571428571428571,0.06,50,28,-49.0,6.0,49.1,0
0047,Buffalo Sabres,7,0.0,0.9,0.0,40,30,1.0,3.0,48.4,Philadelphia Flyers,4,0.0,1.0,0.1,30,40,1.0,2.0,51.6,1
0049,Chicago Blackhawks,16,100.0,0.8333333333333334,0.1111111111111111,36,30,-49.0,2.0,54.5,Florida Panthers,13,50.0,0.8888888888888888,0.16666666666666666,30,36,-99.0,4.0,45.5,1
0050,Washington Capitals,15,0.0,0.8333333333333334,0.15384615384615385,26,30,-65.7,2.0,37.1,Pittsburgh Penguins,5,66.7,0.8461538461538461,0.16666666666666666,30,26,1.0,3.0,62.9,1
0051,Columbus Blue Jackets,29,0.0,0.8888888888888888,0.08333333333333333,24,27,-99.0,2.0,35.7,Detroit Red Wings,17,100.0,0.9166666666666666,0.1111111111111111,27,24,1.0,1.0,64.3,1
0052,Carolina Hurricanes,12,66.7,0.9473684210526315,0.14285714285714285,28,38,-32.3,3.0,48.4,Nashville Predators,18,33.3,0.8571428571428571,0.05263157894736842,38,28,-65.7,3.0,51.6,0
0053,Winnipeg Jets,52,20.0,0.926829268292683,0.14285714285714285,28,41,-39.0,5.0,45.6,Ottawa Senators,9,40.0,0.8571428571428571,0.07317073170731707,41,28,-19.0,5.0,54.4,0
0054,Colorado Avalanche,21,33.3,0.92,0.125,24,25,-32.3,6.0,51.9,Los Angeles Kings,26,33.3,0.875,0.08,25,24,-32.3,3.0,48.1,0
0055,San Jose Sharks,28,0.0,0.9565217391304348,0.02631578947368421,38,23,1.0,7.0,44.9,St. Louis Blues,19,0.0,0.9736842105263158,0.043478260869565216,23,38,1.0,5.0,55.1,0
0056,Edmonton Oilers,22,33.3,0.9615384615384616,0.13636363636363635,22,26,1.0,3.0,42.0,Toronto Maple Leafs,10,0.0,0.8636363636363636,0.038461538461538464,26,22,-32.3,2.0,58.0,0
0057,Montréal Canadiens,8,100.0,0.8214285714285714,0.1388888888888889,36,28,-49.0,1.0,53.6,Vancouver Canucks,23,50.0,0.8611111111111112,0.17857142857142858,28,36,-99.0,6.0,46.4,0
0058,Arizona Coyotes,53,0.0,0.8275862068965517,0.08695652173913043,23,29,-13.3,4.0,48.1,Vegas Golden Knights,54,14.3,0.9130434782608695,0.1724137931034483,29,23,1.0,7.0,51.9,1
0059,Minnesota Wild,30,25.0,0.9166666666666666,0.09375,32,24,1.0,4.0,44.8,Anaheim Ducks,24,0.0,0.90625,0.08333333333333333,24,32,-24.0,2.0,55.2,0
0060,Philadelphia Flyers,4,40.0,0.9069767441860465,0.15384615384615385,26,43,-32.3,5.0,37.1,Boston Bruins,6,33.3,0.8461538461538461,0.09302325581395349,43,26,-39.0,3.0,62.9,0
0061,New Jersey Devils,1,0.0,0.8857142857142857,0.03225806451612903,31,35,-65.7,1.0,36.7,New York Islanders,2,66.7,0.967741935483871,0.11428571428571428,35,31,1.0,3.0,63.3,1
0062,Florida Panthers,13,25.0,0.9142857142857143,0.10810810810810811,37,35,-32.3,4.0,40.3,Carolina Hurricanes,12,33.3,0.8918918918918919,0.08571428571428572,35,37,-24.0,3.0,59.7,0
0063,Tampa Bay Lightning,14,0.0,0.92,0.08108108108108109,37,25,-24.0,1.0,45.5,Columbus Blue Jackets,29,25.0,0.918918918918919,0.08,25,37,1.0,4.0,54.5,0
0064,Winnipeg Jets,52,0.0,0.9655172413793104,0.13793103448275862,29,29,1.0,7.0,55.1,Ottawa Senators,9,0.0,0.8620689655172413,0.034482758620689655,29,29,1.0,3.0,44.9,0
0065,Montréal Canadiens,8,11.1,0.8235294117647058,0.16666666666666666,42,17,-19.0,9.0,50.8,Vancouver Canucks,23,20.0,0.8333333333333334,0.17647058823529413,17,42,-10.1,5.0,49.2,0
0066,Colorado Avalanche,21,25.0,0.8518518518518519,0.07692307692307693,26,27,-39.0,4.0,53.7,Los Angeles Kings,26,40.0,0.9230769230769231,0.14814814814814814,27,26,-24.0,5.0,46.3,1
0067,Buffalo Sabres,7,0.0,0.90625,0.1111111111111111,27,32,1.0,2.0,60.0,Washington Capitals,15,0.0,0.8888888888888888,0.09375,32,27,1.0,1.0,40.0,0
0068,New York Rangers,3,25.0,0.8928571428571429,0.08823529411764706,34,28,-49.0,4.0,34.0,Pittsburgh Penguins,5,50.0,0.9117647058823529,0.10714285714285714,28,34,-24.0,2.0,66.0,0
0069,Detroit Red Wings,17,0.0,0.8571428571428571,0.03225806451612903,31,28,-39.0,5.0,56.9,Chicago Blackhawks,16,40.0,0.967741935483871,0.14285714285714285,28,31,1.0,5.0,43.1,1
0070,Edmonton Oilers,22,0.0,0.8620689655172413,0.0625,32,29,-99.0,2.0,44.0,Toronto Maple Leafs,10,100.0,0.9375,0.13793103448275862,29,32,1.0,2.0,56.0,1
0071,San Jose Sharks,28,0.0,0.8620689655172413,0.034482758620689655,29,29,1.0,3.0,57.6,Minnesota Wild,30,0.0,0.9655172413793104,0.13793103448275862,29,29,1.0,3.0,42.4,1
0072,Nashville Predators,18,0.0,0.75,0.0,34,28,-61.5,5.0,56.3,Dallas Stars,25,62.5,1.0,0.25,28,34,1.0,8.0,43.7,1
0073,Vegas Golden Knights,54,25.0,0.8076923076923077,0.06451612903225806,31,26,-32.3,4.0,59.2,Arizona Coyotes,53,33.3,0.9354838709677419,0.19230769230769232,26,31,-24.0,6.0,40.8,1
0074,Colorado Avalanche,21,25.0,0.9473684210526315,0.09375,32,38,1.0,4.0,53.8,Anaheim Ducks,24,0.0,0.90625,0.05263157894736842,38,32,-24.0,5.0,46.2,0
0075,Philadelphia Flyers,4,0.0,0.7692307692307693,0.058823529411764705,17,26,-74.0,2.0,54.2,Boston Bruins,6,75.0,0.9411764705882353,0.23076923076923078,26,17,1.0,4.0,45.8,1
0077,Tampa Bay Lightning,14,33.3,0.8214285714285714,0.0625,32,28,1.0,3.0,50.8,Columbus Blue Jackets,29,0.0,0.9375,0.17857142857142858,28,32,-32.3,2.0,49.2,1
0078,Los Angeles Kings,26,20.0,0.8666666666666667,0.08695652173913043,23,30,-49.0,5.0,44.1,St. Louis Blues,19,50.0,0.9130434782608695,0.13333333333333333,30,23,-19.0,2.0,55.9,1
0079,Ottawa Senators,9,0.0,0.8421052631578947,0.14285714285714285,21,38,-65.7,2.0,47.2,Winnipeg Jets,52,66.7,0.8571428571428571,0.15789473684210525,38,21,1.0,3.0,52.8,1
0080,Montréal Canadiens,8,0.0,0.92,0.15151515151515152,33,25,1.0,3.0,39.3,Vancouver Canucks,23,0.0,0.8484848484848485,0.08,25,33,1.0,3.0,60.7,0
0081,New York Islanders,2,0.0,0.9166666666666666,0.0,28,24,-49.0,2.0,61.0,New Jersey Devils,1,50.0,1.0,0.08333333333333333,24,28,1.0,2.0,39.0,1
0082,Buffalo Sabres,7,60.0,0.9032258064516129,0.0625,48,31,-65.7,5.0,51.4,Washington Capitals,15,66.7,0.9375,0.0967741935483871,31,48,-59.0,3.0,48.6,0
0083,New York Rangers,3,0.0,0.8421052631578947,0.07692307692307693,26,19,1.0,2.0,50.9,Pittsburgh Penguins,5,0.0,0.9230769230769231,0.15789473684210525,19,26,1.0,0.0,49.1,1
0084,Detroit Red Wings,17,40.0,0.8285714285714286,0.07407407407407407,27,35,-49.0,5.0,50.0,Chicago Blackhawks,16,50.0,0.9259259259259259,0.17142857142857143,35,27,-39.0,2.0,50.0,1
0085,Los Angeles Kings,26,25.0,0.9032258064516129,0.17142857142857143,35,31,1.0,4.0,50.0,St. Louis Blues,19,0.0,0.8285714285714286,0.0967741935483871,31,35,-24.0,2.0,50.0,0
0086,Edmonton Oilers,22,0.0,0.9210526315789473,0.10526315789473684,38,38,-49.0,3.0,50.9,Winnipeg Jets,52,50.0,0.8947368421052632,0.07894736842105263,38,38,1.0,2.0,49.1,0
0087,Toronto Maple Leafs,10,25.0,0.9393939393939394,0.09375,32,33,-24.0,4.0,52.0,Calgary Flames,20,25.0,0.90625,0.06060606060606061,33,32,-24.0,4.0,48.0,0
0088,San Jose Sharks,28,25.0,0.896551724137931,0.1388888888888889,36,29,-24.0,4.0,57.1,Minnesota Wild,30,25.0,0.8611111111111112,0.10344827586206896,29,36,-24.0,4.0,42.9,0
0089,Nashville Predators,18,25.0,0.8636363636363636,0.11764705882352941,17,22,-74.0,4.0,50.8,Dallas Stars,25,75.0,0.8823529411764706,0.13636363636363635,22,17,-24.0,4.0,49.2,1
0090,Vegas Golden Knights,54,0.0,1.0,0.037037037037037035,27,16,1.0,2.0,61.4,Arizona Coyotes,53,0.0,0.9629629629629629,0.0,16,27,1.0,2.0,38.6,0
0091,Colorado Avalanche,21,0.0,0.8,0.030303030303030304,33,15,1.0,4.0,54.5,Anaheim Ducks,24,0.0,0.9696969696969697,0.2,15,33,1.0,3.0,45.5,1
0092,Ottawa Senators,9,0.0,0.8,0.027777777777777776,36,35,1.0,5.0,36.4,Vancouver Canucks,23,0.0,0.9722222222222222,0.2,35,36,1.0,2.0,63.6,1
0093,Pittsburgh Penguins,5,0.0,0.9166666666666666,0.06666666666666667,30,36,-32.3,6.0,30.3,Boston Bruins,6,33.3,0.9333333333333333,0.08333333333333333,36,30,1.0,3.0,69.7,1
0094,New York Rangers,3,0.0,0.875,0.06666666666666667,30,24,-49.0,3.0,30.4,Buffalo Sabres,7,50.0,0.9333333333333333,0.125,24,30,1.0,4.0,69.6,1
0095,Philadelphia Flyers,4,40.0,0.8846153846153846,0.16129032258064516,31,26,1.0,5.0,51.7,New Jersey Devils,1,0.0,0.8387096774193549,0.11538461538461539,26,31,-39.0,1.0,48.3,0
0096,New York Islanders,2,0.0,0.918918918918919,0.058823529411764705,34,37,-49.0,3.0,50.0,Washington Capitals,15,50.0,0.9411764705882353,0.08108108108108109,37,34,1.0,2.0,50.0,1
0097,Tampa Bay Lightning,14,25.0,0.9444444444444444,0.125,32,36,-32.3,4.0,43.8,Carolina Hurricanes,12,33.3,0.875,0.05555555555555555,36,32,-24.0,3.0,56.2,0
0098,Florida Panthers,13,0.0,0.8636363636363636,0.0967741935483871,31,22,1.0,3.0,50.0,Columbus Blue Jackets,29,0.0,0.9032258064516129,0.13636363636363635,22,31,1.0,6.0,50.0,0
0099,Chicago Blackhawks,16,50.0,0.9230769230769231,0.1,20,39,1.0,2.0,46.8,Nashville Predators,18,0.0,0.9,0.07692307692307693,39,20,-49.0,4.0,53.2,1
0100,Edmonton Oilers,22,100.0,0.8181818181818182,0.15384615384615385,26,33,-19.0,2.0,41.1,Winnipeg Jets,52,20.0,0.8461538461538461,0.18181818181818182,33,26,-99.0,5.0,58.9,1
0101,Toronto Maple Leafs,10,50.0,0.8846153846153846,0.19047619047619047,21,26,-24.0,2.0,44.6,Calgary Flames,20,25.0,0.8095238095238095,0.11538461538461539,26,21,-49.0,4.0,55.4,0
0102,Los Angeles Kings,26,0.0,0.9696969696969697,0.09523809523809523,21,33,1.0,3.0,50.9,Minnesota Wild,30,0.0,0.9047619047619048,0.030303030303030304,33,21,1.0,3.0,49.1,0
0103,Detroit Red Wings,17,0.0,0.9090909090909091,0.047619047619047616,21,22,-24.0,3.0,46.2,Dallas Stars,25,25.0,0.9523809523809523,0.09090909090909091,22,21,1.0,4.0,53.8,1
0104,San Jose Sharks,28,0.0,0.8333333333333334,0.1,30,42,-19.0,5.0,52.9,Colorado Avalanche,21,20.0,0.9,0.16666666666666666,42,30,1.0,5.0,47.1,1
0105,Anaheim Ducks,24,0.0,1.0,0.041666666666666664,24,31,1.0,1.0,54.5,Arizona Coyotes,53,0.0,0.9583333333333334,0.0,31,24,1.0,3.0,45.5,0
0106,St. Louis Blues,19,20.0,0.9130434782608695,0.16,25,46,-15.7,5.0,53.0,Vegas Golden Knights,54,16.7,0.84,0.08695652173913043,46,25,-19.0,6.0,47.0,0
0107,Chicago Blackhawks,16,0.0,0.9761904761904762,0.03333333333333333,30,42,1.0,4.0,40.5,Nashville Predators,18,0.0,0.9666666666666667,0.023809523809523808,42,30,1.0,4.0,59.5,0
0108,Ottawa Senators,9,25.0,0.8571428571428571,0.023255813953488372,43,35,-32.3,4.0,50.0,Vancouver Canucks,23,33.3,0.9767441860465116,0.14285714285714285,35,43,-24.0,3.0,50.0,1
0109,Pittsburgh Penguins,5,0.0,0.8,0.058823529411764705,17,20,-49.0,3.0,37.2,Boston Bruins,6,50.0,0.9411764705882353,0.2,20,17,1.0,2.0,62.8,1
0110,New York Rangers,3,0.0,0.92,0.07692307692307693,39,25,-24.0,3.0,47.4,Buffalo Sabres,7,25.0,0.9230769230769231,0.08,25,39,1.0,4.0,52.6,0
0111,Philadelphia Flyers,4,0.0,0.9705882352941176,0.17647058823529413,17,34,1.0,2.0,73.6,New Jersey Devils,1,0.0,0.8235294117647058,0.029411764705882353,34,17,1.0,4.0,26.4,0
0112,New York Islanders,2,33.3,0.7391304347826086,0.1,30,23,-65.7,3.0,55.4,Washington Capitals,15,66.7,0.9,0.2608695652173913,23,30,-32.3,3.0,44.6,1
0113,Tampa Bay Lightning,14,0.0,0.9714285714285714,0.0,32,35,1.0,3.0,50.9,Carolina Hurricanes,12,0.0,1.0,0.02857142857142857,35,32,1.0,4.0,49.1,1
0114,Florida Panthers,13,0.0,0.9354838709677419,0.05714285714285714,35,31,-32.3,1.0,54.4,Columbus Blue Jackets,29,33.3,0.9428571428571428,0.06451612903225806,31,35,1.0,3.0,45.6,0
0115,Calgary Flames,20,25.0,0.8095238095238095,0.08,25,21,-65.7,4.0,50.0,Montréal Canadiens,8,66.7,0.92,0.19047619047619047,21,25,-24.0,3.0,50.0,1
0116,Toronto Maple Leafs,10,50.0,0.896551724137931,0.14814814814814814,27,29,-27.6,4.0,47.1,Edmonton Oilers,22,28.6,0.8518518518518519,0.10344827586206896,29,27,-49.0,7.0,52.9,0
0117,Ottawa Senators,9,0.0,0.84,0.02702702702702703,37,25,-24.0,5.0,45.5,Vancouver Canucks,23,25.0,0.972972972972973,0.16,25,37,1.0,4.0,54.5,1
0118,Los Angeles Kings,26,28.6,0.8214285714285714,0.08571428571428572,35,28,1.0,7.0,55.1,Minnesota Wild,30,0.0,0.9142857142857143,0.17857142857142858,28,35,-27.6,4.0,44.9,1
0119,Detroit Red Wings,17,14.3,0.7586206896551724,0.13043478260869565,23,29,-49.0,7.0,50.0,Dallas Stars,25,50.0,0.8695652173913043,0.2413793103448276,29,23,-13.3,2.0,50.0,1
0120,San Jose Sharks,28,0.0,0.9210526315789473,0.0,21,38,-24.0,4.0,44.8,Colorado Avalanche,21,25.0,1.0,0.07894736842105263,38,21,1.0,4.0,55.2,1
0121,Anaheim Ducks,24,50.0,0.9117647058823529,0.125,16,34,-19.0,2.0,43.4,Arizona Coyotes,53,20.0,0.875,0.08823529411764706,34,16,-49.0,5.0,56.6,1
0123,Columbus Blue Jackets,29,50.0,0.96875,0.07407407407407407,27,32,-32.3,2.0,42.6,Chicago Blackhawks,16,33.3,0.9259259259259259,0.03125,32,27,-49.0,3.0,57.4,0
0124,New Jersey Devils,1,20.0,0.9032258064516129,0.08823529411764706,34,31,-19.0,5.0,39.1,Buffalo Sabres,7,20.0,0.9117647058823529,0.0967741935483871,31,34,-19.0,5.0,60.9,0
0125,Pittsburgh Penguins,5,0.0,0.8823529411764706,0.13157894736842105,38,34,-19.0,4.0,57.4,New York Rangers,3,20.0,0.868421052631579,0.11764705882352941,34,38,1.0,5.0,42.6,0
0126,New York Islanders,2,0.0,0.8235294117647058,0.07142857142857142,28,17,1.0,4.0,50.0,Philadelphia Flyers,4,0.0,0.9285714285714286,0.17647058823529413,17,28,1.0,1.0,50.0,1
0127,Boston Bruins,6,25.0,0.8260869565217391,0.06976744186046512,43,23,-99.0,4.0,55.1,Washington Capitals,15,100.0,0.9302325581395349,0.17391304347826086,23,43,-24.0,1.0,44.9,1
0128,Dallas Stars,25,16.7,0.8461538461538461,0.09090909090909091,11,26,-59.0,6.0,47.0,Carolina Hurricanes,12,60.0,0.9090909090909091,0.15384615384615385,26,11,-15.7,5.0,53.0,1
0129,Nashville Predators,18,40.0,0.8787878787878788,0.11538461538461539,26,33,-27.6,5.0,38.2,Tampa Bay Lightning,14,28.6,0.8846153846153846,0.12121212121212122,33,26,-39.0,7.0,61.8,1
0130,Florida Panthers,13,66.7,0.9259259259259259,0.11538461538461539,26,27,1.0,3.0,47.5,Detroit Red Wings,17,0.0,0.8846153846153846,0.07407407407407407,27,26,-65.7,4.0,52.5,0
0131,Calgary Flames,20,16.7,1.0,0.06060606060606061,33,37,1.0,6.0,52.5,Montréal Canadiens,8,0.0,0.9393939393939394,0.0,37,33,-15.7,5.0,47.5,0
0132,Vancouver Canucks,23,0.0,0.9583333333333334,0.10256410256410256,39,24,1.0,3.0,55.0,Winnipeg Jets,52,0.0,0.8974358974358975,0.041666666666666664,24,39,1.0,1.0,45.0,0
0133,Toronto Maple Leafs,10,50.0,0.8709677419354839,0.10344827586206896,29,31,-49.0,2.0,41.9,Edmonton Oilers,22,50.0,0.896551724137931,0.12903225806451613,31,29,-49.0,2.0,58.1,1
0134,Colorado Avalanche,21,28.6,0.95,0.15151515151515152,33,20,1.0,7.0,47.7,Minnesota Wild,30,0.0,0.8484848484848485,0.05,20,33,-27.6,2.0,52.3,0
0135,St. Louis Blues,19,50.0,0.9583333333333334,0.2,30,24,1.0,2.0,51.0,Anaheim Ducks,24,0.0,0.8,0.041666666666666664,24,30,-49.0,3.0,49.0,0
0136,New Jersey Devils,1,0.0,0.9090909090909091,0.13513513513513514,37,33,-49.0,3.0,41.9,Buffalo Sabres,7,50.0,0.8648648648648649,0.09090909090909091,33,37,1.0,4.0,58.1,0
0137,New York Islanders,2,16.7,0.8620689655172413,0.08333333333333333,36,29,-24.0,6.0,49.1,Philadelphia Flyers,4,25.0,0.9166666666666666,0.13793103448275862,29,36,-15.7,4.0,50.9,1
0138,Dallas Stars,25,0.0,0.925,0.10344827586206896,29,40,-19.0,5.0,47.1,Carolina Hurricanes,12,20.0,0.896551724137931,0.075,40,29,1.0,5.0,52.9,0
0139,Florida Panthers,13,50.0,0.9411764705882353,0.1,30,34,1.0,4.0,51.8,Detroit Red Wings,17,0.0,0.9,0.058823529411764705,34,30,-49.0,3.0,48.2,0
0140,Columbus Blue Jackets,29,0.0,0.9166666666666666,0.030303030303030304,33,36,1.0,2.0,53.5,Chicago Blackhawks,16,0.0,0.9696969696969697,0.08333333333333333,36,33,1.0,2.0,46.5,1
0141,Ottawa Senators,9,40.0,0.7419354838709677,0.13157894736842105,38,31,-79.0,5.0,40.9,Edmonton Oilers,22,80.0,0.868421052631579,0.25806451612903225,31,38,-39.0,5.0,59.1,1
0142,Colorado Avalanche,21,0.0,0.8787878787878788,0.12,25,33,1.0,4.0,47.0,Minnesota Wild,30,0.0,0.88,0.12121212121212122,33,25,1.0,3.0,53.0,1
0143,St. Louis Blues,19,50.0,0.9615384615384616,0.17391304347826086,23,26,-49.0,2.0,44.8,Anaheim Ducks,24,50.0,0.8260869565217391,0.038461538461538464,26,23,-49.0,2.0,55.2,0
0144,Pittsburgh Penguins,5,0.0,0.875,0.038461538461538464,26,24,-24.0,6.0,70.8,New York Rangers,3,25.0,0.9615384615384616,0.125,24,26,1.0,4.0,29.2,1
0145,Boston Bruins,6,0.0,0.8846153846153846,0.15151515151515152,33,26,-24.0,4.0,50.0,Washington Capitals,15,25.0,0.8484848484848485,0.11538461538461539,26,33,1.0,4.0,50.0,0
0146,Nashville Predators,18,0.0,0.8214285714285714,0.06451612903225806,31,28,-24.0,3.0,55.8,Tampa Bay Lightning,14,25.0,0.9354838709677419,0.17857142857142858,28,31,1.0,4.0,44.2,1
0147,Vancouver Canucks,23,0.0,0.85,0.06896551724137931,29,40,-32.3,3.0,49.1,Montréal Canadiens,8,33.3,0.9310344827586207,0.15,40,29,1.0,3.0,50.9,1
0148,Calgary Flames,20,0.0,0.8928571428571429,0.10714285714285714,28,28,-49.0,2.0,50.0,Winnipeg Jets,52,50.0,0.8928571428571429,0.10714285714285714,28,28,1.0,4.0,50.0,0
0149,Vegas Golden Knights,54,60.0,0.96,0.11538461538461539,26,25,1.0,5.0,59.3,San Jose Sharks,28,0.0,0.8846153846153846,0.04,25,26,-59.0,3.0,40.7,0
0150,Buffalo Sabres,7,33.3,0.8695652173913043,0.05555555555555555,36,23,-49.0,3.0,45.8,New York Islanders,2,50.0,0.9444444444444444,0.13043478260869565,23,36,-32.3,2.0,54.2,1
0152,Dallas Stars,25,66.7,0.8846153846153846,0.18181818181818182,33,26,-32.3,3.0,56.4,Columbus Blue Jackets,29,33.3,0.8181818181818182,0.11538461538461539,26,33,-65.7,3.0,43.6,0
0153,Carolina Hurricanes,12,0.0,0.9090909090909091,0.07317073170731707,41,33,-49.0,1.0,55.9,Chicago Blackhawks,16,50.0,0.926829268292683,0.09090909090909091,33,41,1.0,2.0,44.1,0
0154,Arizona Coyotes,53,50.0,0.8620689655172413,0.08571428571428572,35,29,1.0,2.0,44.1,St. Louis Blues,19,0.0,0.9142857142857143,0.13793103448275862,29,35,-49.0,5.0,55.9,1
0155,Vancouver Canucks,23,33.3,0.8484848484848485,0.07692307692307693,39,33,1.0,3.0,48.6,Montréal Canadiens,8,0.0,0.9230769230769231,0.15151515151515152,33,39,-32.3,4.0,51.4,1
0156,Calgary Flames,20,0.0,0.8928571428571429,0.06451612903225806,31,28,1.0,4.0,56.9,Winnipeg Jets,52,0.0,0.9354838709677419,0.10714285714285714,28,31,1.0,2.0,43.1,1
0157,Ottawa Senators,9,0.0,0.84,0.08,25,25,1.0,5.0,52.5,Edmonton Oilers,22,0.0,0.92,0.16,25,25,1.0,2.0,47.5,1
0158,Minnesota Wild,30,33.3,0.9354838709677419,0.03571428571428571,28,31,1.0,3.0,41.7,Colorado Avalanche,21,0.0,0.9642857142857143,0.06451612903225806,31,28,-32.3,3.0,58.3,1
0159,Boston Bruins,6,75.0,0.88,0.11428571428571428,35,25,1.0,4.0,46.3,Philadelphia Flyers,4,0.0,0.8857142857142857,0.12,25,35,-74.0,2.0,53.7,0
0160,Detroit Red Wings,17,0.0,0.8148148148148148,0.0625,16,27,1.0,4.0,54.0,Tampa Bay Lightning,14,0.0,0.9375,0.18518518518518517,27,16,1.0,4.0,46.0,1
0161,Anaheim Ducks,24,0.0,0.9523809523809523,0.06976744186046512,43,21,1.0,1.0,54.5,Los Angeles Kings,26,0.0,0.9302325581395349,0.047619047619047616,21,43,1.0,1.0,45.5,0
0164,Washington Capitals,15,0.0,0.8709677419354839,0.06060606060606061,33,31,1.0,4.0,54.4,New York Rangers,3,0.0,0.9393939393939394,0.12903225806451613,31,33,1.0,3.0,45.6,1
0165,Nashville Predators,18,50.0,0.8611111111111112,0.14634146341463414,41,36,-49.0,4.0,60.7,Florida Panthers,13,50.0,0.8536585365853658,0.1388888888888889,36,41,-49.0,4.0,39.3,0
0167,Dallas Stars,25,33.3,0.84,0.10714285714285714,28,25,1.0,3.0,49.1,Columbus Blue Jackets,29,0.0,0.8928571428571429,0.16,25,28,-32.3,3.0,50.9,1
0168,Carolina Hurricanes,12,0.0,0.8285714285714286,0.11764705882352941,34,35,-59.0,4.0,62.3,Chicago Blackhawks,16,60.0,0.8823529411764706,0.17142857142857143,35,34,1.0,5.0,37.7,1
0169,Arizona Coyotes,53,0.0,0.9302325581395349,0.13333333333333333,30,43,1.0,2.0,38.5,St. Louis Blues,19,0.0,0.8666666666666667,0.06976744186046512,43,30,1.0,4.0,61.5,0
0170,Ottawa Senators,9,25.0,0.9473684210526315,0.13636363636363635,22,38,1.0,4.0,56.9,Montréal Canadiens,8,0.0,0.8636363636363636,0.05263157894736842,38,22,-24.0,4.0,43.1,0
0171,Vancouver Canucks,23,33.3,0.8108108108108109,0.15789473684210525,19,37,-19.0,3.0,43.9,Toronto Maple Leafs,10,20.0,0.8421052631578947,0.1891891891891892,37,19,-32.3,5.0,56.1,1
0172,Calgary Flames,20,0.0,0.8518518518518519,0.041666666666666664,24,27,1.0,4.0,43.2,Winnipeg Jets,52,0.0,0.9583333333333334,0.14814814814814814,27,24,1.0,3.0,56.8,1
0173,Minnesota Wild,30,0.0,0.9375,0.24,25,32,-24.0,2.0,49.2,Colorado Avalanche,21,25.0,0.76,0.0625,32,25,1.0,4.0,50.8,0
0174,Boston Bruins,6,0.0,0.9583333333333334,0.08695652173913043,23,24,-19.0,2.0,57.9,Philadelphia Flyers,4,20.0,0.9130434782608695,0.041666666666666664,24,23,1.0,5.0,42.1,0
0175,Detroit Red Wings,17,0.0,0.90625,0.03571428571428571,28,32,1.0,2.0,53.2,Tampa Bay Lightning,14,0.0,0.9642857142857143,0.09375,32,28,1.0,3.0,46.8,1
0176,Nashville Predators,18,0.0,0.9444444444444444,0.04,25,36,1.0,1.0,40.3,Florida Panthers,13,0.0,0.96,0.05555555555555555,36,25,1.0,2.0,59.7,1
0177,Los Angeles Kings,26,50.0,0.8611111111111112,0.06896551724137931,29,36,-24.0,2.0,46.2,Vegas Golden Knights,54,25.0,0.9310344827586207,0.1388888888888889,36,29,-49.0,4.0,53.8,1
0178,San Jose Sharks,28,0.0,0.8918918918918919,0.13333333333333333,30,37,1.0,3.0,42.6,Anaheim Ducks,24,0.0,0.8666666666666667,0.10810810810810811,37,30,1.0,3.0,57.4,0
0181,Pittsburgh Penguins,5,0.0,0.8461538461538461,0.0967741935483871,31,26,-99.0,0.0,46.5,New York Islanders,2,100.0,0.9032258064516129,0.15384615384615385,26,31,1.0,1.0,53.5,1
0183,Montréal Canadiens,8,33.3,0.9714285714285714,0.0625,32,35,-15.7,3.0,42.9,Ottawa Senators,9,16.7,0.9375,0.02857142857142857,35,32,-32.3,6.0,57.1,0
0184,Vancouver Canucks,23,25.0,0.8387096774193549,0.03571428571428571,28,31,-24.0,4.0,46.4,Toronto Maple Leafs,10,25.0,0.9642857142857143,0.16129032258064516,31,28,-24.0,4.0,53.6,1
0185,Edmonton Oilers,22,20.0,0.7857142857142857,0.125,32,28,-32.3,5.0,50.7,Calgary Flames,20,33.3,0.875,0.21428571428571427,28,32,-19.0,3.0,49.3,1
0187,San Jose Sharks,28,0.0,0.9696969696969697,0.037037037037037035,27,33,1.0,1.0,45.0,Anaheim Ducks,24,0.0,0.9629629629629629,0.030303030303030304,33,27,1.0,3.0,55.0,0
0188,Philadelphia Flyers,4,0.0,0.8918918918918919,0.30434782608695654,23,37,-99.0,4.0,52.3,Washington Capitals,15,100.0,0.6956521739130435,0.10810810810810811,37,23,1.0,1.0,47.7,0
0189,Detroit Red Wings,17,0.0,0.972972972972973,0.10256410256410256,39,37,1.0,0.0,49.1,Florida Panthers,13,0.0,0.8974358974358975,0.02702702702702703,37,39,1.0,1.0,50.9,0
0190,Carolina Hurricanes,12,50.0,0.7727272727272727,0.23076923076923078,26,22,-19.0,2.0,55.7,Columbus Blue Jackets,29,20.0,0.7692307692307693,0.22727272727272727,22,26,-49.0,5.0,44.3,0
0193,Chicago Blackhawks,16,25.0,0.967741935483871,0.05714285714285714,35,31,1.0,4.0,50.0,Dallas Stars,25,0.0,0.9428571428571428,0.03225806451612903,31,35,-24.0,3.0,50.0,0
0194,Los Angeles Kings,26,0.0,0.8787878787878788,0.09375,32,33,-49.0,4.0,58.2,Vegas Golden Knights,54,50.0,0.90625,0.12121212121212122,33,32,1.0,2.0,41.8,1
0196,New York Islanders,2,0.0,1.0,0.06666666666666667,30,30,1.0,1.0,38.6,New York Rangers,3,0.0,0.9333333333333333,0.0,30,30,1.0,3.0,61.4,0
0197,Carolina Hurricanes,12,0.0,0.8636363636363636,0.08333333333333333,24,22,1.0,1.0,61.8,Columbus Blue Jackets,29,0.0,0.9166666666666666,0.13636363636363635,22,24,1.0,1.0,38.2,1
0198,Tampa Bay Lightning,14,33.3,0.9583333333333334,0.11428571428571428,35,24,-24.0,3.0,52.7,Nashville Predators,18,25.0,0.8857142857142857,0.041666666666666664,24,35,-32.3,4.0,47.3,0
0199,Edmonton Oilers,22,0.0,0.9642857142857143,0.08571428571428572,35,28,1.0,4.0,51.9,Ottawa Senators,9,0.0,0.9142857142857143,0.03571428571428571,28,35,1.0,2.0,48.1,0
0200,Vancouver Canucks,23,25.0,0.8421052631578947,0.03125,32,19,1.0,4.0,50.0,Toronto Maple Leafs,10,0.0,0.96875,0.15789473684210525,19,32,-24.0,2.0,50.0,1
0203,Detroit Red Wings,17,0.0,0.9090909090909091,0.03125,32,22,-99.0,3.0,54.8,Florida Panthers,13,100.0,0.96875,0.09090909090909091,22,32,1.0,1.0,45.2,1
0204,Tampa Bay Lightning,14,60.0,0.9696969696969697,0.2,30,33,1.0,5.0,49.1,Nashville Predators,18,0.0,0.8,0.030303030303030304,33,30,-59.0,4.0,50.9,0
0205,Edmonton Oilers,22,0.0,0.9523809523809523,0.13636363636363635,22,42,1.0,1.0,43.8,Ottawa Senators,9,0.0,0.8636363636363636,0.047619047619047616,42,22,1.0,2.0,56.2,0
0206,Winnipeg Jets,52,50.0,0.896551724137931,0.07407407407407407,27,29,-49.0,2.0,44.4,Calgary Flames,20,50.0,0.9259259259259259,0.10344827586206896,29,27,-49.0,2.0,55.6,1
0208,Chicago Blackhawks,16,25.0,0.9714285714285714,0.06896551724137931,29,35,1.0,4.0,39.6,Dallas Stars,25,0.0,0.9310344827586207,0.02857142857142857,35,29,-24.0,2.0,60.4,0
0210,Anaheim Ducks,24,50.0,0.8387096774193549,0.17391304347826086,23,31,1.0,2.0,59.6,Vegas Golden Knights,54,0.0,0.8260869565217391,0.16129032258064516,31,23,-49.0,1.0,40.4,1
0211,San Jose Sharks,28,0.0,0.8888888888888888,0.075,40,27,-24.0,2.0,50.0,Los Angeles Kings,26,25.0,0.925,0.1111111111111111,27,40,1.0,4.0,50.0,0
0212,Boston Bruins,6,0.0,0.9428571428571428,0.09375,32,35,1.0,2.0,69.0,New York Rangers,3,0.0,0.90625,0.05714285714285714,35,32,1.0,2.0,31.0,0
0213,Toronto Maple Leafs,10,0.0,0.9428571428571428,0.16666666666666666,24,35,1.0,2.0,52.9,Montréal Canadiens,8,0.0,0.8333333333333334,0.05714285714285714,35,24,1.0,2.0,47.1,0
0215,Pittsburgh Penguins,5,0.0,0.896551724137931,0.08571428571428572,35,29,-99.0,1.0,43.9,New York Islanders,2,100.0,0.9142857142857143,0.10344827586206896,29,35,1.0,1.0,56.1,0
0217,Tampa Bay Lightning,14,66.7,0.8275862068965517,0.09523809523809523,21,29,-32.3,3.0,40.0,Florida Panthers,13,33.3,0.9047619047619048,0.1724137931034483,29,21,-65.7,3.0,60.0,1
0218,Columbus Blue Jackets,29,66.7,0.8076923076923077,0.13953488372093023,43,26,-49.0,3.0,47.3,Chicago Blackhawks,16,50.0,0.8604651162790697,0.19230769230769232,26,43,-65.7,2.0,52.7,0
0219,Detroit Red Wings,17,0.0,0.8695652173913043,0.07692307692307693,26,23,-24.0,4.0,46.2,Nashville Predators,18,25.0,0.9230769230769231,0.13043478260869565,23,26,1.0,4.0,53.8,1
0220,Edmonton Oilers,22,33.3,1.0,0.0967741935483871,31,38,1.0,3.0,54.7,Montréal Canadiens,8,0.0,0.9032258064516129,0.0,38,31,-32.3,1.0,45.3,0
0221,Ottawa Senators,9,0.0,0.8076923076923077,0.023809523809523808,42,26,-49.0,2.0,52.1,Winnipeg Jets,52,50.0,0.9761904761904762,0.19230769230769232,26,42,1.0,2.0,47.9,1
0222,Calgary Flames,20,0.0,0.9705882352941176,0.11538461538461539,26,34,1.0,3.0,57.1,Vancouver Canucks,23,0.0,0.8846153846153846,0.029411764705882353,34,26,1.0,4.0,42.9,0
0224,Carolina Hurricanes,12,33.3,0.918918918918919,0.15625,32,37,-19.0,3.0,53.4,Dallas Stars,25,20.0,0.84375,0.08108108108108109,37,32,-32.3,5.0,46.6,0
0226,Anaheim Ducks,24,0.0,1.0,0.03571428571428571,28,21,1.0,2.0,55.6,Vegas Golden Knights,54,0.0,0.9642857142857143,0.0,21,28,1.0,2.0,44.4,0
0227,San Jose Sharks,28,50.0,0.8064516129032258,0.06451612903225806,31,31,-49.0,2.0,60.4,Los Angeles Kings,26,50.0,0.9354838709677419,0.1935483870967742,31,31,-49.0,6.0,39.6,1
0228,Boston Bruins,6,0.0,1.0,0.03333333333333333,30,21,1.0,4.0,54.4,New York Rangers,3,0.0,0.9666666666666667,0.0,21,30,1.0,6.0,45.6,0
0230,Boston Bruins,6,0.0,0.9047619047619048,0.06666666666666667,30,42,-99.0,2.0,63.5,New York Islanders,2,100.0,0.9333333333333333,0.09523809523809523,42,30,1.0,1.0,36.5,1
0232,Tampa Bay Lightning,14,33.3,0.9705882352941176,0.21428571428571427,28,34,1.0,3.0,51.8,Florida Panthers,13,0.0,0.7857142857142857,0.029411764705882353,34,28,-32.3,4.0,48.2,0
0233,Columbus Blue Jackets,29,0.0,0.9032258064516129,0.06451612903225806,31,31,1.0,1.0,35.3,Chicago Blackhawks,16,0.0,0.9354838709677419,0.0967741935483871,31,31,1.0,2.0,64.7,1
0234,Detroit Red Wings,17,0.0,0.9130434782608695,0.13333333333333333,30,23,1.0,4.0,58.5,Nashville Predators,18,0.0,0.8666666666666667,0.08695652173913043,23,30,1.0,2.0,41.5,0
0235,Montréal Canadiens,8,0.0,0.9545454545454546,0.08,25,22,1.0,0.0,48.6,Toronto Maple Leafs,10,0.0,0.92,0.045454545454545456,22,25,1.0,1.0,51.4,0
0236,Ottawa Senators,9,0.0,0.967741935483871,0.06896551724137931,29,31,1.0,1.0,50.0,Winnipeg Jets,52,0.0,0.9310344827586207,0.03225806451612903,31,29,1.0,1.0,50.0,0
0237,Calgary Flames,20,0.0,0.9347826086956522,0.05263157894736842,19,46,1.0,3.0,45.3,Vancouver Canucks,23,0.0,0.9473684210526315,0.06521739130434782,46,19,1.0,1.0,54.7,1
0238,Carolina Hurricanes,12,25.0,0.896551724137931,0.14285714285714285,21,29,-32.3,4.0,52.3,Dallas Stars,25,33.3,0.8571428571428571,0.10344827586206896,29,21,-24.0,3.0,47.7,0
0239,St. Louis Blues,19,0.0,0.8888888888888888,0.14285714285714285,35,36,1.0,2.0,51.7,Arizona Coyotes,53,0.0,0.8571428571428571,0.1111111111111111,36,35,1.0,2.0,48.3,0
0242,Washington Capitals,15,25.0,0.8421052631578947,0.0967741935483871,31,38,-49.0,4.0,38.3,Pittsburgh Penguins,5,50.0,0.9032258064516129,0.15789473684210525,38,31,-24.0,2.0,61.7,1
0243,Colorado Avalanche,21,0.0,0.9583333333333334,0.0,30,24,1.0,1.0,55.8,Vegas Golden Knights,54,0.0,1.0,0.041666666666666664,24,30,1.0,3.0,44.2,1
0245,New York Islanders,2,50.0,0.9523809523809523,0.10344827586206896,29,21,-49.0,2.0,53.8,Buffalo Sabres,7,50.0,0.896551724137931,0.047619047619047616,21,29,-49.0,2.0,46.2,0
0246,Chicago Blackhawks,16,0.0,0.9310344827586207,0.125,24,29,1.0,3.0,44.4,Detroit Red Wings,17,0.0,0.875,0.06896551724137931,29,24,1.0,2.0,55.6,0
0247,Ottawa Senators,9,0.0,0.868421052631579,0.1935483870967742,31,38,-49.0,3.0,50.8,Toronto Maple Leafs,10,50.0,0.8064516129032258,0.13157894736842105,38,31,1.0,2.0,49.2,0
0248,Winnipeg Jets,52,50.0,0.8888888888888888,0.25,24,45,-49.0,2.0,50.0,Edmonton Oilers,22,50.0,0.75,0.1111111111111111,45,24,-49.0,2.0,50.0,0
0249,Calgary Flames,20,25.0,0.9090909090909091,0.14814814814814814,27,33,-32.3,4.0,39.0,Vancouver Canucks,23,33.3,0.8518518518518519,0.09090909090909091,33,27,-24.0,6.0,61.0,0
0251,St. Louis Blues,19,0.0,0.9473684210526315,0.0,24,19,1.0,2.0,51.1,Arizona Coyotes,53,0.0,1.0,0.05263157894736842,19,24,1.0,4.0,48.9,1
0252,Anaheim Ducks,24,0.0,0.896551724137931,0.07142857142857142,28,29,-49.0,1.0,45.0,San Jose Sharks,28,50.0,0.9285714285714286,0.10344827586206896,29,28,1.0,2.0,55.0,1
0253,New York Islanders,2,0.0,1.0,0.125,24,20,1.0,2.0,52.2,Buffalo Sabres,7,0.0,0.875,0.0,20,24,1.0,2.0,47.8,0
0255,Columbus Blue Jackets,29,0.0,0.7941176470588235,0.075,40,34,-99.0,3.0,42.9,Carolina Hurricanes,12,100.0,0.925,0.20588235294117646,34,40,1.0,2.0,57.1,1
0256,Florida Panthers,13,0.0,0.8709677419354839,0.2857142857142857,21,31,1.0,3.0,45.3,Tampa Bay Lightning,14,0.0,0.7142857142857143,0.12903225806451613,31,21,1.0,4.0,54.7,0
0257,Washington Capitals,15,0.0,0.9629629629629629,0.07142857142857142,42,27,1.0,5.0,50.0,Pittsburgh Penguins,5,0.0,0.9285714285714286,0.037037037037037035,27,42,1.0,3.0,50.0,0
0259,Colorado Avalanche,21,0.0,0.9310344827586207,0.12,25,29,-49.0,3.0,49.1,Vegas Golden Knights,54,50.0,0.88,0.06896551724137931,29,25,1.0,2.0,50.9,0
0260,Minnesota Wild,30,0.0,0.8620689655172413,0.0,28,29,-32.3,3.0,45.0,Los Angeles Kings,26,33.3,1.0,0.13793103448275862,29,28,1.0,3.0,55.0,1
0261,Chicago Blackhawks,16,33.3,1.0,0.07692307692307693,26,29,1.0,3.0,31.9,Detroit Red Wings,17,0.0,0.9230769230769231,0.0,29,26,-32.3,3.0,68.1,0
0262,Ottawa Senators,9,0.0,0.9285714285714286,0.03571428571428571,28,28,1.0,3.0,48.1,Toronto Maple Leafs,10,0.0,0.9642857142857143,0.07142857142857142,28,28,1.0,3.0,51.9,1
0263,Vancouver Canucks,23,0.0,0.9722222222222222,0.15151515151515152,33,36,1.0,1.0,64.6,Calgary Flames,20,0.0,0.8484848484848485,0.027777777777777776,36,33,1.0,2.0,35.4,0
0264,Winnipeg Jets,52,20.0,0.9,0.05714285714285714,35,30,-15.7,5.0,44.8,Edmonton Oilers,22,16.7,0.9428571428571428,0.1,30,35,-19.0,6.0,55.2,1
0265,New Jersey Devils,1,0.0,0.9259259259259259,0.11538461538461539,26,27,-65.7,4.0,39.3,Boston Bruins,6,66.7,0.8846153846153846,0.07407407407407407,27,26,1.0,3.0,60.7,0
0266,New York Rangers,3,20.0,0.9090909090909091,0.06060606060606061,33,22,1.0,5.0,54.8,Philadelphia Flyers,4,0.0,0.9393939393939394,0.09090909090909091,22,33,-19.0,5.0,45.2,0
0267,New York Islanders,2,33.3,0.8918918918918919,0.03125,32,37,1.0,3.0,48.1,Pittsburgh Penguins,5,0.0,0.96875,0.10810810810810811,37,32,-32.3,4.0,51.9,1
0268,Nashville Predators,18,0.0,0.8636363636363636,0.0,32,22,1.0,1.0,57.7,Columbus Blue Jackets,29,0.0,1.0,0.13636363636363635,22,32,1.0,0.0,42.3,1
0269,San Jose Sharks,28,0.0,0.9333333333333333,0.0625,32,45,-49.0,1.0,42.3,St. Louis Blues,19,50.0,0.9375,0.06666666666666667,45,32,1.0,4.0,57.7,1
0270,Ottawa Senators,9,0.0,0.7741935483870968,0.08108108108108109,37,31,-65.7,2.0,46.3,Toronto Maple Leafs,10,66.7,0.918918918918919,0.22580645161290322,31,37,1.0,3.0,53.7,1
0271,Tampa Bay Lightning,14,20.0,1.0,0.10526315789473684,19,28,1.0,5.0,58.7,Dallas Stars,25,0.0,0.8947368421052632,0.0,28,19,-19.0,3.0,41.3,0
0272,Los Angeles Kings,26,0.0,0.9090909090909091,0.06896551724137931,29,22,1.0,3.0,50.0,Arizona Coyotes,53,0.0,0.9310344827586207,0.09090909090909091,22,29,1.0,3.0,50.0,0
0273,Minnesota Wild,30,0.0,0.9411764705882353,0.1111111111111111,27,17,1.0,5.0,49.0,Anaheim Ducks,24,0.0,0.8888888888888888,0.058823529411764705,17,27,1.0,2.0,51.0,0
0274,Chicago Blackhawks,16,25.0,0.868421052631579,0.10344827586206896,29,38,-49.0,4.0,49.1,Carolina Hurricanes,12,50.0,0.896551724137931,0.13157894736842105,38,29,-24.0,4.0,50.9,1
0275,Florida Panthers,13,50.0,0.9375,0.1794871794871795,39,32,1.0,2.0,43.1,Detroit Red Wings,17,0.0,0.8205128205128205,0.0625,32,39,-49.0,4.0,56.9,0
0276,Edmonton Oilers,22,0.0,0.9523809523809523,0.08,25,21,1.0,2.0,45.9,Calgary Flames,20,0.0,0.92,0.047619047619047616,21,25,1.0,3.0,54.1,0
0277,Winnipeg Jets,52,0.0,1.0,0.06451612903225806,31,29,1.0,2.0,53.2,Vancouver Canucks,23,0.0,0.9354838709677419,0.0,29,31,1.0,2.0,46.8,0
0278,Buffalo Sabres,7,100.0,0.9259259259259259,0.10344827586206896,29,27,-32.3,1.0,57.1,New Jersey Devils,1,33.3,0.896551724137931,0.07407407407407407,27,29,-99.0,3.0,42.9,0
0279,New York Rangers,3,20.0,0.9629629629629629,0.16666666666666666,24,27,1.0,5.0,57.1,Washington Capitals,15,0.0,0.8333333333333334,0.037037037037037035,27,24,-19.0,4.0,42.9,0
0281,New York Islanders,2,0.0,0.8333333333333334,0.05714285714285714,35,18,-99.0,1.0,60.4,Pittsburgh Penguins,5,100.0,0.9428571428571428,0.16666666666666666,18,35,1.0,1.0,39.6,1
0282,Nashville Predators,18,25.0,0.9130434782608695,0.08888888888888889,45,23,1.0,4.0,60.9,Columbus Blue Jackets,29,0.0,0.9111111111111111,0.08695652173913043,23,45,-24.0,1.0,39.1,0
0283,San Jose Sharks,28,0.0,0.875,0.18518518518518517,27,32,1.0,0.0,47.3,St. Louis Blues,19,0.0,0.8148148148148148,0.125,32,27,1.0,3.0,52.7,0
0284,Toronto Maple Leafs,10,75.0,0.9090909090909091,0.18518518518518517,27,33,1.0,4.0,51.7,Montréal Canadiens,8,0.0,0.8148148148148148,0.09090909090909091,33,27,-74.0,1.0,48.3,0
0285,Calgary Flames,20,20.0,0.7083333333333334,0.022727272727272728,44,24,-59.0,5.0,58.2,Edmonton Oilers,22,60.0,0.9772727272727273,0.2916666666666667,24,44,-19.0,5.0,41.8,1
0287,Vegas Golden Knights,54,0.0,0.9230769230769231,0.06896551724137931,29,39,1.0,4.0,49.4,Colorado Avalanche,21,0.0,0.9310344827586207,0.07692307692307693,39,29,1.0,4.0,50.6,1
0288,Los Angeles Kings,26,33.3,0.9166666666666666,0.17391304347826086,23,24,-49.0,3.0,64.3,Arizona Coyotes,53,50.0,0.8260869565217391,0.08333333333333333,24,23,-32.3,4.0,35.7,0
0289,Minnesota Wild,30,50.0,0.9629629629629629,0.1724137931034483,29,27,1.0,2.0,60.7,Anaheim Ducks,24,0.0,0.8275862068965517,0.037037037037037035,27,29,-49.0,3.0,39.3,0
0290,Philadelphia Flyers,4,33.3,0.8,0.15789473684210525,19,35,-32.3,3.0,48.1,Boston Bruins,6,33.3,0.8421052631578947,0.2,35,19,-32.3,3.0,51.9,1
0292,Florida Panthers,13,33.3,0.9259259259259259,0.02564102564102564,39,27,1.0,3.0,45.5,Detroit Red Wings,17,0.0,0.9743589743589743,0.07407407407407407,27,39,-32.3,2.0,54.5,1
0293,Montréal Canadiens,8,0.0,0.9230769230769231,0.0625,32,39,1.0,3.0,45.2,Ottawa Senators,9,0.0,0.9375,0.07692307692307693,39,32,1.0,4.0,54.8,1
0294,Winnipeg Jets,52,33.3,0.9117647058823529,0.12903225806451613,31,34,-24.0,3.0,42.4,Vancouver Canucks,23,25.0,0.8709677419354839,0.08823529411764706,34,31,-32.3,4.0,57.6,0
0295,Buffalo Sabres,7,50.0,0.9761904761904762,0.10810810810810811,37,42,1.0,2.0,50.0,New Jersey Devils,1,0.0,0.8918918918918919,0.023809523809523808,42,37,-49.0,2.0,50.0,0
0296,Carolina Hurricanes,12,0.0,0.8928571428571429,0.0,25,28,-99.0,2.0,64.3,Tampa Bay Lightning,14,100.0,1.0,0.10714285714285714,28,25,1.0,1.0,35.7,1
0297,Los Angeles Kings,26,50.0,1.0,0.0967741935483871,31,31,1.0,2.0,40.4,St. Louis Blues,19,0.0,0.9032258064516129,0.0,31,31,-49.0,1.0,59.6,0
0298,Calgary Flames,20,40.0,1.0,0.09090909090909091,33,34,1.0,5.0,60.7,Toronto Maple Leafs,10,0.0,0.9090909090909091,0.0,34,33,-39.0,7.0,39.3,0
0299,Vegas Golden Knights,54,33.3,1.0,0.10714285714285714,28,34,1.0,3.0,44.2,Colorado Avalanche,21,0.0,0.8928571428571429,0.0,34,28,-32.3,1.0,55.8,0
0300,Anaheim Ducks,24,20.0,0.84,0.10714285714285714,28,25,-24.0,5.0,53.1,Arizona Coyotes,53,25.0,0.8928571428571429,0.16,25,28,-19.0,4.0,46.9,1
0301,New York Islanders,2,0.0,0.9655172413793104,0.1,20,29,1.0,1.0,44.6,New Jersey Devils,1,0.0,0.9,0.034482758620689655,29,20,1.0,4.0,55.4,0
0302,Pittsburgh Penguins,5,50.0,0.9090909090909091,0.08108108108108109,37,22,1.0,2.0,55.6,Washington Capitals,15,0.0,0.918918918918919,0.09090909090909091,22,37,-49.0,2.0,44.4,0
0303,Dallas Stars,25,0.0,1.0,0.11538461538461539,26,43,1.0,4.0,50.7,Florida Panthers,13,0.0,0.8846153846153846,0.0,43,26,1.0,3.0,49.3,0
0304,Chicago Blackhawks,16,50.0,0.8333333333333334,0.14705882352941177,34,30,-74.0,4.0,54.0,Columbus Blue Jackets,29,75.0,0.8529411764705882,0.16666666666666666,30,34,-49.0,4.0,46.0,0
0305,Nashville Predators,18,50.0,1.0,0.06060606060606061,33,24,1.0,4.0,54.0,Detroit Red Wings,17,0.0,0.9393939393939394,0.0,24,33,-49.0,1.0,46.0,0
0306,Montréal Canadiens,8,0.0,0.8974358974358975,0.1111111111111111,36,39,-49.0,3.0,50.8,Ottawa Senators,9,50.0,0.8888888888888888,0.10256410256410256,39,36,1.0,4.0,49.2,0
0307,Edmonton Oilers,22,25.0,0.9090909090909091,0.13793103448275862,29,33,1.0,4.0,42.2,Vancouver Canucks,23,0.0,0.8620689655172413,0.09090909090909091,33,29,-24.0,2.0,57.8,0
0308,New York Rangers,3,40.0,0.8974358974358975,0.1111111111111111,27,39,-24.0,5.0,36.4,Philadelphia Flyers,4,25.0,0.8888888888888888,0.10256410256410256,39,27,-39.0,8.0,63.6,1
0309,Los Angeles Kings,26,0.0,0.9722222222222222,0.1,20,36,1.0,1.0,40.7,St. Louis Blues,19,0.0,0.9,0.027777777777777776,36,20,1.0,4.0,59.3,0
0310,Calgary Flames,20,0.0,0.9487179487179487,0.045454545454545456,22,39,1.0,2.0,38.8,Toronto Maple Leafs,10,0.0,0.9545454545454546,0.05128205128205128,39,22,1.0,4.0,61.2,1
0311,Anaheim Ducks,24,50.0,0.8928571428571429,0.08571428571428572,35,28,1.0,2.0,42.9,Arizona Coyotes,53,0.0,0.9142857142857143,0.10714285714285714,28,35,-49.0,2.0,57.1,0
0312,Boston Bruins,6,0.0,0.8108108108108109,0.05555555555555555,36,37,1.0,2.0,53.1,New York Islanders,2,0.0,0.9444444444444444,0.1891891891891892,37,36,1.0,2.0,46.9,1
0313,Pittsburgh Penguins,5,0.0,0.8571428571428571,0.07142857142857142,28,35,-32.3,4.0,38.6,Washington Capitals,15,33.3,0.9285714285714286,0.14285714285714285,35,28,1.0,3.0,61.4,1
0314,Carolina Hurricanes,12,0.0,0.8636363636363636,0.03125,32,22,1.0,5.0,55.4,Tampa Bay Lightning,14,0.0,0.96875,0.13636363636363635,22,32,1.0,5.0,44.6,1
0315,Dallas Stars,25,50.0,0.9142857142857143,0.05128205128205128,39,35,1.0,2.0,55.7,Florida Panthers,13,0.0,0.9487179487179487,0.08571428571428572,35,39,-49.0,1.0,44.3,1
0316,Chicago Blackhawks,16,0.0,1.0,0.07407407407407407,27,26,1.0,1.0,33.3,Columbus Blue Jackets,29,0.0,0.9259259259259259,0.0,26,27,1.0,2.0,66.7,0
0317,Nashville Predators,18,33.3,0.84375,0.05128205128205128,39,32,1.0,3.0,42.1,Detroit Red Wings,17,0.0,0.9487179487179487,0.15625,32,39,-32.3,3.0,57.9,1
0318,Calgary Flames,20,0.0,0.8064516129032258,0.03333333333333333,30,31,1.0,0.0,52.8,Ottawa Senators,9,0.0,0.9666666666666667,0.1935483870967742,31,30,1.0,0.0,47.2,1
0319,Montréal Canadiens,8,50.0,0.8,0.14285714285714285,21,30,-24.0,2.0,40.4,Winnipeg Jets,52,25.0,0.8571428571428571,0.2,30,21,-49.0,4.0,59.6,1
0320,Edmonton Oilers,22,40.0,1.0,0.08823529411764706,34,32,1.0,5.0,56.9,Vancouver Canucks,23,0.0,0.9117647058823529,0.0,32,34,-39.0,4.0,43.1,0
0321,Colorado Avalanche,21,33.3,0.8888888888888888,0.10344827586206896,29,18,1.0,3.0,58.6,Arizona Coyotes,53,0.0,0.896551724137931,0.1111111111111111,18,29,-32.3,2.0,41.4,0
0322,Philadelphia Flyers,4,0.0,1.0,0.07692307692307693,39,23,1.0,3.0,62.3,Buffalo Sabres,7,0.0,0.9230769230769231,0.0,23,39,1.0,3.0,37.7,0
0323,Boston Bruins,6,0.0,0.8235294117647058,0.06060606060606061,33,34,-24.0,3.0,49.2,New York Rangers,3,25.0,0.9393939393939394,0.17647058823529413,34,33,1.0,4.0,50.8,1
0324,Los Angeles Kings,26,0.0,0.9,0.03571428571428571,28,30,1.0,3.0,56.4,Minnesota Wild,30,0.0,0.9642857142857143,0.1,30,28,1.0,3.0,43.6,1
0327,Washington Capitals,15,0.0,0.9166666666666666,0.20833333333333334,24,24,-32.3,2.0,50.8,New Jersey Devils,1,33.3,0.7916666666666666,0.08333333333333333,24,24,1.0,3.0,49.2,0
0328,Pittsburgh Penguins,5,20.0,0.8888888888888888,0.12903225806451613,31,27,-99.0,5.0,46.3,New York Islanders,2,100.0,0.8709677419354839,0.1111111111111111,27,31,-19.0,1.0,53.7,0
0329,Dallas Stars,25,0.0,0.7619047619047619,0.0,20,21,-99.0,6.0,54.8,Tampa Bay Lightning,14,100.0,1.0,0.23809523809523808,21,20,1.0,2.0,45.2,1
0330,Carolina Hurricanes,12,66.7,0.9032258064516129,0.09090909090909091,33,31,-24.0,3.0,52.8,Florida Panthers,13,25.0,0.9090909090909091,0.0967741935483871,31,33,-65.7,4.0,47.2,0
0331,Detroit Red Wings,17,100.0,0.9166666666666666,0.15625,32,36,1.0,1.0,58.8,Chicago Blackhawks,16,0.0,0.84375,0.08333333333333333,36,32,-99.0,1.0,41.2,0
0332,Columbus Blue Jackets,29,0.0,0.9393939393939394,0.03333333333333333,30,33,1.0,3.0,49.1,Nashville Predators,18,0.0,0.9666666666666667,0.06060606060606061,33,30,1.0,4.0,50.9,1
0333,Calgary Flames,20,25.0,0.9117647058823529,0.15789473684210525,38,34,-49.0,4.0,51.4,Ottawa Senators,9,50.0,0.8421052631578947,0.08823529411764706,34,38,-24.0,6.0,48.6,0
0334,Montréal Canadiens,8,0.0,0.9047619047619048,0.024390243902439025,41,21,-32.3,2.0,47.1,Winnipeg Jets,52,33.3,0.975609756097561,0.09523809523809523,21,41,1.0,3.0,52.9,1
0335,Toronto Maple Leafs,10,100.0,1.0,0.13793103448275862,29,30,1.0,1.0,51.9,Edmonton Oilers,22,0.0,0.8620689655172413,0.0,30,29,-99.0,0.0,48.1,0
0336,Los Angeles Kings,26,50.0,0.9047619047619048,0.10714285714285714,28,42,1.0,4.0,55.8,Minnesota Wild,30,0.0,0.8928571428571429,0.09523809523809523,42,28,-49.0,3.0,44.2,1
0337,Colorado Avalanche,21,33.3,0.92,0.14634146341463414,41,25,1.0,3.0,56.6,Arizona Coyotes,53,0.0,0.8536585365853658,0.08,25,41,-32.3,2.0,43.4,0
0338,Vegas Golden Knights,54,0.0,0.9333333333333333,0.1111111111111111,27,30,1.0,3.0,42.4,Anaheim Ducks,24,0.0,0.8888888888888888,0.06666666666666667,30,27,1.0,1.0,57.6,0
0339,St. Louis Blues,19,0.0,0.85,0.22580645161290322,31,40,-32.3,2.0,67.2,San Jose Sharks,28,33.3,0.7741935483870968,0.15,40,31,1.0,6.0,32.8,0
0340,Philadelphia Flyers,4,0.0,1.0,0.07894736842105263,38,28,1.0,2.0,59.5,Buffalo Sabres,7,0.0,0.9210526315789473,0.0,28,38,1.0,3.0,40.5,0
0341,Pittsburgh Penguins,5,0.0,0.9333333333333333,0.0,20,30,-39.0,2.0,44.4,New York Islanders,2,40.0,1.0,0.06666666666666667,30,20,1.0,5.0,55.6,1
0342,Boston Bruins,6,0.0,0.9523809523809523,0.1111111111111111,36,21,1.0,1.0,54.9,New York Rangers,3,0.0,0.8888888888888888,0.047619047619047616,21,36,1.0,3.0,45.1,0
0343,Detroit Red Wings,17,100.0,0.78125,0.043478260869565216,46,32,-99.0,1.0,50.0,Chicago Blackhawks,16,100.0,0.9565217391304348,0.21875,32,46,-99.0,1.0,50.0,1
0344,Columbus Blue Jackets,29,0.0,0.896551724137931,0.034482758620689655,29,29,-99.0,3.0,46.0,Nashville Predators,18,100.0,0.9655172413793104,0.10344827586206896,29,29,1.0,1.0,54.0,1
0345,Vancouver Canucks,23,50.0,1.0,0.21052631578947367,19,27,1.0,2.0,46.3,Winnipeg Jets,52,0.0,0.7894736842105263,0.0,27,19,-49.0,1.0,53.7,0
0346,Washington Capitals,15,0.0,0.9047619047619048,0.13043478260869565,23,21,1.0,3.0,67.3,New Jersey Devils,1,0.0,0.8695652173913043,0.09523809523809523,21,23,1.0,3.0,32.7,0
0348,Carolina Hurricanes,12,33.3,0.9565217391304348,0.0967741935483871,31,46,1.0,3.0,50.9,Florida Panthers,13,0.0,0.9032258064516129,0.043478260869565216,46,31,-32.3,3.0,49.1,0
0349,Calgary Flames,20,33.3,0.8611111111111112,0.03571428571428571,28,36,1.0,3.0,55.2,Ottawa Senators,9,0.0,0.9642857142857143,0.1388888888888889,36,28,-32.3,1.0,44.8,1
0350,Toronto Maple Leafs,10,25.0,1.0,0.13043478260869565,23,31,1.0,4.0,42.2,Edmonton Oilers,22,0.0,0.8695652173913043,0.0,31,23,-24.0,4.0,57.8,0
0351,Minnesota Wild,30,0.0,0.8717948717948718,0.13333333333333333,30,39,-65.7,0.0,39.7,Vegas Golden Knights,54,66.7,0.8666666666666667,0.1282051282051282,39,30,1.0,3.0,60.3,1
0352,St. Louis Blues,19,33.3,0.8787878787878788,0.14285714285714285,35,33,-24.0,3.0,51.5,Anaheim Ducks,24,25.0,0.8571428571428571,0.12121212121212122,33,35,-32.3,4.0,48.5,0
0353,Colorado Avalanche,21,25.0,0.7777777777777778,0.05714285714285714,35,27,-32.3,4.0,56.9,San Jose Sharks,28,33.3,0.9428571428571428,0.2222222222222222,27,35,-24.0,3.0,43.1,1
0354,Buffalo Sabres,7,0.0,0.8421052631578947,0.08333333333333333,24,19,1.0,1.0,59.1,New York Rangers,3,0.0,0.9166666666666666,0.15789473684210525,19,24,1.0,2.0,40.9,1
0355,Philadelphia Flyers,4,0.0,0.8148148148148148,0.047619047619047616,42,27,-32.3,5.0,62.1,Pittsburgh Penguins,5,33.3,0.9523809523809523,0.18518518518518517,27,42,1.0,3.0,37.9,1
0356,Detroit Red Wings,17,33.3,0.8888888888888888,0.05,20,36,-19.0,3.0,56.9,Columbus Blue Jackets,29,20.0,0.95,0.1111111111111111,36,20,-32.3,5.0,43.1,1
0357,Ottawa Senators,9,0.0,0.9090909090909091,0.037037037037037035,27,33,-65.7,3.0,55.6,Montréal Canadiens,8,66.7,0.9629629629629629,0.09090909090909091,33,27,1.0,3.0,44.4,1
0358,Vancouver Canucks,23,50.0,0.8717948717948718,0.06060606060606061,33,39,-32.3,2.0,57.7,Winnipeg Jets,52,33.3,0.9393939393939394,0.1282051282051282,39,33,-49.0,3.0,42.3,1
0359,Washington Capitals,15,0.0,0.9473684210526315,0.03571428571428571,28,19,1.0,2.0,48.3,Boston Bruins,6,0.0,0.9642857142857143,0.05263157894736842,19,28,1.0,2.0,51.7,0
0360,Toronto Maple Leafs,10,40.0,0.9629629629629629,0.1875,32,27,1.0,5.0,57.4,Edmonton Oilers,22,0.0,0.8125,0.037037037037037035,27,32,-39.0,0.0,42.6,0
0361,Minnesota Wild,30,0.0,0.8214285714285714,0.02702702702702703,37,28,1.0,3.0,45.8,Vegas Golden Knights,54,0.0,0.972972972972973,0.17857142857142858,28,37,1.0,2.0,54.2,1
0362,St. Louis Blues,19,100.0,0.9310344827586207,0.14285714285714285,21,29,1.0,3.0,50.8,Anaheim Ducks,24,0.0,0.8571428571428571,0.06896551724137931,29,21,-99.0,3.0,49.2,0
0363,Colorado Avalanche,21,25.0,1.0,0.10526315789473684,38,26,1.0,4.0,60.4,San Jose Sharks,28,0.0,0.8947368421052632,0.0,26,38,-24.0,3.0,39.6,0
0364,New Jersey Devils,1,50.0,0.9487179487179487,0.13513513513513514,37,39,1.0,2.0,50.7,New York Rangers,3,0.0,0.8648648648648649,0.05128205128205128,39,37,-49.0,0.0,49.3,0
0392,New Jersey Devils,1,33.3,0.9024390243902439,0.11538461538461539,26,41,-74.0,3.0,45.9,Washington Capitals,15,75.0,0.8846153846153846,0.0975609756097561,41,26,-32.3,4.0,54.1,1
0543,Tampa Bay Lightning,14,0.0,0.8571428571428571,0.0,24,28,1.0,1.0,52.8,Carolina Hurricanes,12,0.0,1.0,0.14285714285714285,28,24,1.0,2.0,47.2,1
0550,Arizona Coyotes,53,28.6,0.96,0.15789473684210525,19,25,1.0,7.0,42.0,St. Louis Blues,19,0.0,0.8421052631578947,0.04,25,19,-27.6,4.0,58.0,0
0565,Arizona Coyotes,53,50.0,0.9302325581395349,0.11538461538461539,26,43,-24.0,4.0,53.6,St. Louis Blues,19,25.0,0.8846153846153846,0.06976744186046512,43,26,-49.0,4.0,46.4,0
0635,New Jersey Devils,1,25.0,0.90625,0.1,40,32,-49.0,4.0,43.6,Buffalo Sabres,7,50.0,0.9,0.09375,32,40,-24.0,4.0,56.4,0
0667,Buffalo Sabres,7,50.0,0.8571428571428571,0.043478260869565216,23,21,-99.0,2.0,48.7,Washington Capitals,15,100.0,0.9565217391304348,0.14285714285714285,21,23,-49.0,1.0,51.3,1
0684,St. Louis Blues,19,50.0,0.96,0.14814814814814814,27,25,1.0,2.0,47.9,Arizona Coyotes,53,0.0,0.8518518518518519,0.04,25,27,-49.0,3.0,52.1,0
0742,Arizona Coyotes,53,66.7,0.9523809523809523,0.13043478260869565,23,42,-24.0,3.0,37.5,Los Angeles Kings,26,25.0,0.8695652173913043,0.047619047619047616,42,23,-65.7,4.0,62.5,0
0743,Minnesota Wild,30,33.3,0.9393939393939394,0.17647058823529413,34,33,1.0,3.0,50.7,San Jose Sharks,28,0.0,0.8235294117647058,0.06060606060606061,33,34,-32.3,3.0,49.3,0
0769,Washington Capitals,15,0.0,0.972972972972973,0.1111111111111111,27,37,1.0,1.0,44.2,Philadelphia Flyers,4,0.0,0.8888888888888888,0.02702702702702703,37,27,1.0,4.0,55.8,0
